temperatura_motor,vibracao,tipo_combustivel,revisao_em_dia,falha_maquina
84.96714153011233,7.099033154879003,1,0,0
78.61735698828815,6.386950524369153,2,0,0
86.47688538100692,5.089445554880261,2,0,0
95.23029856408026,4.029594833441639,2,1,1
77.65846625276664,6.047334970420385,1,0,0
77.6586304305082,5.590228078132625,1,1,1
95.79212815507391,6.342789830041598,2,0,0
87.67434729152909,5.9527577025229546,2,0,1
75.30525614065049,6.574329072979003,1,1,0
85.42560043585965,4.1971471826591475,0,0,0
75.36582307187538,6.976091098451489,2,0,1
75.34270246429743,5.296399407038599,0,1,1
82.41962271566034,5.100301991678596,2,0,1
60.86719755342202,3.9662182728656483,0,1,1
62.75082167486967,7.603945704747874,0,1,1
74.37712470759027,5.296866175193972,0,1,1
69.87168879665576,4.022872994578328,1,0,1
83.14247332595274,4.274171248918518,0,1,0
70.91975924478788,4.519479037708519,0,1,0
65.87696298664709,5.636248919602875,0,0,0
94.65648768921554,5.784253232053249,2,1,1
77.74223699513465,4.139449994092131,0,0,0
80.67528204687923,4.963468111608526,2,0,0
65.75251813786544,8.213405537917795,0,0,1
74.55617275474818,7.591314755151068,0,0,1
81.10922589709867,5.654485504511048,1,1,1
68.49006422577698,5.057005217252301,2,1,0
83.75698018345672,5.1800469900773916,0,1,1
73.99361310081196,5.9202769590956255,2,1,0
77.08306250206724,3.4658111522023916,2,1,0
73.98293387770603,4.613935193864982,1,0,0
98.52278184508938,2.497123889183616,1,1,0
79.86502775262066,5.598834683907919,1,1,0
69.422890710441,5.970793909554112,1,1,1
88.22544912103189,4.275220306550939,1,0,0
67.79156350028978,7.360980144935049,1,0,1
82.08863595004756,3.161351505496488,1,1,1
60.403298761202244,2.8034376796852696,1,0,0
66.71813951101569,5.336677727839958,0,1,0
81.96861235869123,6.570647453918232,2,1,0
87.3846657999541,7.525891537186803,1,0,1
81.7136828118997,4.31167360569659,1,0,0
78.8435171761176,6.618021250146944,2,1,0
76.98896304410711,4.9422372957489396,0,1,0
65.21478009632573,5.100301991678596,2,0,1
72.80155791605291,6.3254899062300085,2,1,1
75.39361229040213,5.978484317620129,1,0,0
90.57122226218915,2.635411764523626,2,1,1
83.43618289568461,7.214810524588843,2,0,1
62.36959844637266,7.0701370312211775,1,1,1
83.24083969394795,4.061655947735706,1,1,1
76.14917719583684,5.593705300156113,1,0,1
73.23077999694041,5.7410452794241085,1,1,1
86.11676288840867,5.391010648735861,2,1,1
90.30999522495951,4.174542269231869,2,0,0
89.31280119116198,3.9925649480929226,0,1,0
71.60782476777362,4.961668893512832,0,1,0
76.90787624148786,6.759093528889047,2,1,1
83.31263431403563,5.8154002318916485,0,0,1
89.75545127122359,4.444078501870841,2,0,0
75.2082576215471,6.157548065972517,0,0,1
78.14341023336183,0.7271860690548868,1,1,0
68.93665025993971,6.723148550558156,0,1,0
68.0379337591933,2.3904293318328507,1,1,1
88.12525822394198,4.456338587895302,1,1,0
93.56240028570824,5.100301991678596,1,0,0
79.27989878419666,3.0579777864186415,1,1,1
90.03532897892023,6.741240181067779,0,1,1
83.61636025047635,4.298448198032163,2,1,0
73.54880245394875,5.519755822596074,1,0,1
83.61395605508415,4.929619131681224,0,1,1
95.38036566465969,5.715561240834682,1,1,0
79.64173960890048,5.115232836590383,0,1,0
95.64643655814007,3.075511663717146,0,1,1
53.80254895910255,5.100301991678596,0,1,0
88.21902504375224,4.259365125258031,2,0,1
80.87047068238171,2.665127152010373,0,1,1
77.00992649534132,4.357827258551131,0,1,1
80.91760776535503,7.2511396859514665,2,1,0
60.124310853991076,6.27533261317024,2,1,1
77.80328112162488,4.477021798388211,0,1,0
83.57112571511746,4.476113443522356,2,1,0
94.77894044741517,5.100301991678596,1,1,0
74.81729781726352,8.11512197534126,1,1,0
71.91506397106812,5.57290317834733,2,1,1
74.98242956415463,5.645062470786605,2,1,0
89.15402117702074,6.545425181047763,0,0,0
83.28751109659684,5.35818373853977,2,0,1
74.70239796232961,4.611436781268945,0,0,0
85.13267433113356,4.705475226372533,1,0,1
80.9707754934804,4.892598110878904,2,1,0
89.68644990532889,4.944166645235238,0,0,1
72.97946906122648,6.09144431545547,0,0,1
76.72337853402232,5.077918828710949,1,1,0
76.07891846867842,6.098960115823369,2,0,0
65.36485051867882,4.878925129837127,1,0,0
82.96120277064576,5.117952785474136,0,1,1
82.6105527217989,2.0026989732018388,0,1,0
80.05113456642461,6.374491512053722,2,1,0
77.65412866624852,5.519732713846989,0,0,0
65.84629257949585,6.497015164789478,2,0,0
75.79354677234642,0.6556169327094663,1,1,0
76.57285483473231,8.132562057171091,2,1,1
71.9772273077838,4.790615557767239,2,0,0
78.3871428833399,6.662274225106275,0,1,0
84.04050856814538,3.440141109311704,0,0,1
98.8618590121053,5.919160857593854,2,1,1
81.74577812831839,3.419876655239516,0,1,0
82.57550390722764,4.064346558956292,0,0,0
79.25554084233833,7.871047030800179,0,1,0
60.812287847009586,5.100301991678596,2,1,1
79.73486124550783,5.326149309769584,0,1,0
80.60230209941027,6.305101596033131,2,0,1
104.63242112485287,5.743522831958907,0,1,1
78.07639035218878,5.225628357715364,1,1,1
83.01547342333612,5.547441503699338,0,1,0
79.65288230294756,8.605123377857414,0,1,0
68.31321962380468,4.913571804449622,2,1,0
91.4282281451502,5.301648570072452,2,1,0
87.51933032686775,6.575981594011418,0,0,1
87.91031947043047,6.658288899436975,1,0,1
70.9061254520526,6.78054545834057,0,1,1
94.02794310936099,5.100301991678596,0,0,1
65.98148937207719,3.2854926309042747,1,0,0
85.8685709380027,7.450147298451644,2,1,0
101.90455625809979,3.280481910471968,0,0,0
70.09463674869312,5.453953197858549,2,0,1
74.33702270397228,3.8685862249709633,2,0,1
80.99651365087641,4.9037924801105115,1,0,1
74.965243458838,5.493143615455221,1,0,0
64.49336568933867,5.482035823175409,2,0,0
80.68562974806028,5.632881131352927,0,0,1
69.37696286273895,7.420566903587971,2,0,0
84.73592430635182,5.68030145227097,0,1,1
70.80575765766197,4.633765047064027,0,1,1
95.4993440501754,6.446130752432536,1,0,1
72.16746707663764,6.784205733386961,0,0,0
76.77938483794324,3.1585882772945113,0,1,0
88.1351721736967,5.896100104774787,2,0,0
67.69135683566044,6.051759113466348,1,0,0
82.2745993460413,4.553654744960012,0,1,0
93.07142754282428,7.063560219967429,0,1,1
63.92516765438772,4.77491661945121,1,1,1
81.84633858532304,5.188364680207314,2,0,0
82.59882794248423,4.740392263574195,1,0,0
87.81822871777311,5.023368571372202,1,1,0
67.63049289121918,3.355587369657197,0,1,0
66.79543386915724,2.8399236761085582,0,0,1
85.21941565616898,7.3917575948374585,2,1,0
82.96984673233186,3.729557977522508,0,0,0
82.50492850345877,3.5129114758155393,0,0,0
83.46448209496975,1.7699148295944278,1,1,1
73.1997527842151,4.041557378465747,0,1,1
82.32253697161003,3.0153653098887525,2,0,0
82.93072473298682,7.463022740204554,1,1,1
72.85648581973632,6.514725634013951,2,1,1
98.65774511144757,3.9677744822334144,1,1,1
84.73832920911788,8.378653708016463,0,1,0
68.08696502797352,6.472648230487391,1,0,1
86.5655360863383,4.512752924737066,1,0,1
70.25318329772679,1.2508914276896403,0,0,1
87.87084603742451,5.100301991678596,0,0,1
91.58595579007404,2.915641299854606,2,1,1
71.7931768164829,2.5319018795646624,2,1,0
89.63376129244321,6.533855648014461,0,0,1
84.12780926936499,8.659628609508909,0,0,1
88.2206015999449,7.076409227765778,0,1,1
98.96792982653947,5.84586368007854,1,0,0
77.5461188399713,5.892131512497929,1,0,1
72.4626383564251,6.280123338170462,1,1,1
71.10485570374476,6.138392884680147,0,0,0
71.84189715034562,5.421787135954064,2,1,1
79.22898290585896,5.156301655927814,0,1,1
83.41151974816644,4.9061103081507165,1,0,1
82.7669079933002,3.8690531166999858,1,1,0
88.27183249036024,4.578987384699839,0,0,0
80.13001891877907,2.460564778706922,0,1,1
94.53534077157317,4.852490559807875,1,0,0
77.35343166762044,3.5171133392736236,1,0,1
107.20169166589619,3.344616024176344,1,0,0
86.25667347765007,5.269841226730218,0,1,1
71.42842443583717,7.088003429516899,1,1,0
69.29107501938887,6.377474909003469,1,0,1
84.82472415243186,5.100301991678596,2,1,0
77.7653721467415,3.5155577951444936,0,0,0
87.14000494092092,6.411156781982324,2,0,0
84.73237624573545,3.5262689096925355,2,1,0
79.27171087343127,5.100301991678596,1,0,1
71.53206281931595,5.825078148536828,0,1,1
64.85152775314135,3.547483317704547,1,0,0
75.53485047932979,5.15806325921894,0,1,1
88.56398794323472,2.9989617576226935,2,0,0
82.14093744130204,4.097948534073179,0,0,1
67.54261221288012,5.479672901213806,1,1,1
81.73180925851182,2.610509399702496,1,0,1
83.85317379728836,5.660712106940599,1,0,0
71.16142563798867,4.970543301609978,0,1,1
81.53725105945527,5.828734931625721,2,0,0
80.58208718446,5.335871201096992,2,1,1
68.57029702169376,7.046210644960766,0,0,0
83.57787360348283,5.187836753971861,1,1,1
85.60784526368235,4.355891688312121,2,0,1
90.83051243175277,5.183446254548426,1,0,1
90.53802052034902,5.814947043554582,0,0,0
66.22330632042909,5.073290105488557,1,1,1
70.62174960084877,5.060887536805824,2,1,0
85.1503526720866,3.947012468289867,2,1,1
85.1378595091221,4.0056486236735775,1,1,0
85.15047686306048,2.8960920923004596,0,0,0
118.52731490654722,7.624365114780409,1,0,1
85.70890510693167,3.1342051469130725,0,1,0
91.35565640180599,3.960642203306139,1,1,0
89.54001763493203,3.922389101646204,2,1,0
86.51391251305797,6.342386565416662,0,0,0
76.84730755359655,4.557575482561958,0,1,1
87.58969220493267,6.8716131090106005,0,1,1
72.27174785462428,3.989764063634197,2,0,0
77.63181393259991,5.418491243335703,1,0,0
75.14636452170896,3.746979420110364,2,1,0
80.81874139386322,8.217723691660083,0,0,0
103.14658566673509,3.218602371455731,1,1,1
61.32734807408252,5.464731065340541,2,0,1
86.86260190374513,5.950665321398148,0,1,0
63.87284128810349,5.620698646177248,0,1,0
75.28068134210567,4.722068511683437,2,1,0
90.88950596967366,4.805268950399861,2,1,1
80.64280019095463,5.065717207968665,2,0,1
69.22255222070694,4.779496997557267,0,0,0
72.84696290740033,6.445818675192364,2,0,0
86.79597748934675,8.315784502387027,0,0,1
72.69633368282864,4.16376232248825,2,1,1
82.16458589581976,2.945295530631383,0,1,0
80.45571839903813,4.8675769274731175,0,0,0
73.48399652394183,8.869564006481479,1,0,0
101.43944089325325,3.794488148045404,2,0,1
86.33919022318011,7.458675208166101,2,0,0
59.74857413342393,7.516551221114661,0,0,0
81.86454314769428,4.169617637438008,0,1,1
73.38213535231613,5.853474618777913,0,1,0
88.52433334796224,7.442594934692807,1,1,1
72.07479261567299,4.43130838851877,1,0,0
78.85263558533102,4.694629459846458,0,0,0
85.04987278980457,4.127478629077034,2,0,1
88.65755194170121,3.4778649039606995,2,0,0
67.99703592944223,4.026083682400989,1,1,1
76.65498764159051,3.164089599856615,1,1,1
75.25054688839043,5.051125202388839,0,0,0
73.46670767426288,3.8450401534120373,2,1,1
97.65454240281096,5.350678867686121,0,1,0
84.04981710960955,2.666156530694559,1,0,1
67.39116045664954,5.496320348321685,2,0,0
89.17861947054776,6.250293442413387,2,0,1
101.22156197012633,2.009396536142817,1,0,0
90.32465260551147,5.561084854771358,0,0,0
64.80630034045987,6.841503488709938,0,0,1
75.15765927133748,3.185538471963192,2,1,1
92.66911149186623,7.508858580256555,1,1,0
72.92330534381219,5.6285285140490675,2,0,0
84.43819428146229,3.9424822163623867,1,1,1
87.74634053429337,4.916346383513441,0,0,1
70.73069528421917,5.837490368782584,1,0,0
79.404746439382,5.114008087118617,0,0,0
47.58732659930927,5.808133988669554,1,0,0
69.7561235866571,3.6189896103809507,2,1,1
77.4743184860684,5.254041236054117,0,0,0
67.5221681803515,2.8794282546425296,2,1,0
96.32411303931636,4.83316090797695,2,0,1
65.69858622039368,3.6441385378028155,0,0,0
75.59955513303017,3.8967050861153503,0,0,0
81.30740577286092,6.854139762815656,2,1,0
94.41273289066116,6.636965180891403,2,0,0
65.6413784882056,5.913707181360765,2,0,0
91.63163752154959,3.3615308529911316,2,0,1
80.10233061019586,4.525387325457797,0,1,0
70.18491348952048,6.819646549968775,0,1,1
84.6210347426327,5.212575370459857,2,1,1
81.9905969557347,8.478994309972542,1,0,1
73.99783122841205,5.589976759091558,1,1,0
80.69802084990019,5.288073674735047,0,0,0
76.14686403138239,4.536325303696248,2,1,0
81.13517345251248,5.200311357173423,2,1,0
86.62130674521046,4.771295245429184,0,0,0
95.86016816145352,6.062163015032885,1,1,1
67.62184501173151,6.435053475191876,1,0,0
101.33033374656267,3.8210158092380757,1,0,0
60.47912200477498,3.003150569663333,0,1,0
78.48214904964416,2.245691940345055,1,0,1
85.88317206484577,5.761986990368816,0,0,0
82.80991867735032,3.3449500907391894,0,1,1
73.77300480179406,5.100301991678596,2,1,0
77.91877749642725,5.582867906796446,1,0,1
75.06999065341168,8.739499276149186,0,1,1
74.10635243055789,4.99089363269016,1,0,0
88.49602097021025,6.257736161677463,1,0,0
83.57015485965047,5.122744037821348,2,1,0
73.07090404739346,4.851665520213286,1,1,0
88.9959987543325,6.378614724481653,2,1,1
83.07299520876609,4.564588183717023,0,1,1
88.1286211883896,5.401088471107855,1,0,1
86.29628841923612,5.48254670929402,0,0,1
71.71004989077927,3.997864319535427,1,1,0
74.3981895980303,6.488063524304784,0,1,0
87.47293605123262,4.737560364956887,1,0,1
86.10370265433465,3.8663822607607328,1,0,0
79.79098406035853,5.804764765355605,1,0,1
81.17327383308782,3.652298027313444,1,0,0
92.77664895788425,5.042271736053692,1,1,0
74.0842861116417,4.986321505033695,1,0,1
85.47097381170038,6.628843348747367,1,0,0
77.97807347566106,5.7120473493199295,1,1,1
77.82318796772779,4.962459561882284,1,0,1
90.9877685198719,6.226649448800431,0,0,1
88.2541634898803,7.0853113235259695,2,1,1
88.13509636000639,5.8367154595277935,1,1,1
93.05478807154329,5.015528929765071,2,1,1
80.21003841632759,3.032245651474761,1,0,0
86.81952971294965,3.402329505386941,1,0,0
76.89733243406543,4.542162943467998,0,1,1
83.24166352488442,4.0857316967610755,0,1,0
78.69856945632316,4.7195430455218315,2,0,0
80.96995964992718,5.084974887345661,0,1,0
85.95157025436913,5.100301991678596,0,1,1
71.81779316766527,4.894251832911364,2,1,1
100.9238727568546,5.729752465739303,0,0,0
69.93982618500299,5.096711622215181,1,0,1
67.85811387212269,2.036800150469193,2,0,1
91.58110873500068,3.5909969092718685,2,0,1
87.91662693962935,4.783868666417577,1,0,1
86.24119817052156,3.1854578857383387,0,0,1
86.2834550926428,5.899893094994306,2,1,0
79.87753227153085,7.296126248515546,2,0,1
71.02745628514168,6.828142777545975,1,0,0
80.75804558193727,4.679835693604688,1,1,1
73.22838288487888,7.2360892052749275,0,0,1
89.7511973341775,5.2230011858031675,2,0,0
78.52942618497862,4.494371043322941,0,1,0
71.74502803207488,4.079896004688591,0,1,1
76.78614158347007,4.546295470267808,1,1,0
84.12931454275625,4.417734772188156,2,0,1
74.36275447196026,5.255624333563231,2,1,0
71.77779604433569,5.240860971574797,2,0,0
82.43687211491913,5.004569030230122,1,0,1
82.44966571108722,5.655407254619525,1,0,1
74.9305682462887,6.7859694121795116,1,0,1
75.28961694381677,6.4243312031619855,1,1,0
82.32049937357637,2.7726530473251447,1,1,1
65.51915658502676,1.169118297647068,2,0,1
65.92536225623445,6.40147986685891,0,1,1
72.81555778747564,2.9496819523768685,2,0,1
77.86552848288153,4.662851897160975,0,0,1
83.10907565598005,3.244830460910961,1,0,0
94.75356216949552,2.2970293436299705,0,1,0
88.5765962320202,5.812194092307182,2,0,1
78.40061470036574,6.13873274045397,2,0,0
79.80983792097311,5.100301991678596,0,1,1
69.97470635362191,1.1134365617826352,1,1,0
79.8148686400761,4.180633327621276,1,1,1
77.11341361079862,5.100301991678596,2,1,1
83.22718560338089,2.7816326468388066,0,0,0
71.72769056447677,5.275039879668734,1,1,0
85.19346514241172,4.977035226240507,1,0,0
95.32738913002578,5.8689372494016325,2,1,1
78.91239851543142,5.17937055262123,1,1,1
84.01711722098942,3.540396588677667,0,1,0
86.90143991711112,6.794857252496737,2,1,1
75.98779528114164,4.762205640459545,2,1,0
82.24092481810416,4.959043190735102,0,1,0
80.12592400781794,3.600098061390206,2,0,1
80.97676098548831,4.335076623212735,1,1,0
72.26990216144533,3.6727959289596486,1,1,0
80.24510174258943,4.740580910114866,0,1,0
84.9799829124545,7.567562720213515,1,1,0
94.51143607795042,2.9421482856029657,0,0,0
89.59270826085206,2.5796579031848883,0,1,0
101.53182457511556,5.100301991678596,1,1,1
72.3265243711195,4.686014484272201,0,1,0
88.72320636720679,3.996390892010125,1,1,1
81.83342005738352,6.559857031094115,2,0,0
101.89802933217672,4.091576690394704,2,1,0
71.91701714644849,5.100301991678596,0,0,1
71.60278157819224,6.016888807008904,1,1,1
74.00607354555977,4.268132887781446,1,0,0
58.76104275690193,8.235962319898256,2,0,1
74.74244978319238,4.091427615494992,2,1,1
72.40867338446301,6.113143058013961,1,1,1
81.50393786476208,5.448938870609738,0,0,1
83.4175597577716,6.952611934098197,2,0,0
98.76170839215887,7.3422667950902785,0,1,0
89.5042383818605,5.04800622359865,0,0,1
74.23096344337597,3.869873194480725,2,0,0
71.01585328651642,5.689958214408675,0,0,1
84.91919171506505,3.983426945371841,0,1,0
66.79766792979358,8.020080871289935,1,0,0
98.31458765854353,5.204802996624106,0,0,1
91.79440120721287,4.452017673031837,1,0,0
75.30824347895295,5.277020458797363,2,1,1
62.868654709091224,2.9793105657054553,2,1,1
93.53872374165412,3.5425789422340226,1,0,1
78.85460154747382,6.800620861916638,2,1,1
92.37816311973462,4.014658581542906,0,0,1
64.05572341205632,3.4296335259770907,0,1,1
74.00624977046228,5.804979128790929,0,1,1
80.05243699718183,6.778556231994496,2,0,0
80.46980593764742,6.0784299659976,0,1,0
75.49934528520757,6.494071528708725,2,1,0
86.22849932347499,3.8648073671458087,0,1,0
69.32379570617405,2.8672839998872344,1,0,1
78.57620514978707,7.25200047793323,2,1,1
81.20295631711899,4.515980241736797,2,1,1
85.14438834058748,4.623750475317429,0,0,0
87.11614878088889,6.992291212773587,2,1,1
68.75357908162131,5.83434501410099,2,1,0
64.65885829264377,5.683831658122411,1,1,1
92.7767682189851,5.100301991678596,1,1,1
83.32314011979592,4.034722654429785,0,1,0
72.51513463443446,6.391760192121856,1,0,0
95.51151975522524,5.085519687345627,0,0,0
81.15674634292859,5.402888418294886,0,1,1
91.79297184063826,7.292702639618797,0,1,1
80.67518481410109,5.761753634434435,2,1,1
100.60747924881987,5.807444118574449,1,0,0
97.55340842443204,6.608761005964704,0,0,0
77.51035851520926,4.452570905685672,1,1,1
89.71570950954356,3.7411854989914906,0,1,1
86.45375949585147,3.4327862089684498,1,0,0
93.68631557532349,2.0504651159359972,1,1,0
70.35076539419896,8.084310694910483,0,0,1
86.8605145999844,3.345187451417475,2,0,0
90.58424486849587,4.6681195646213425,1,1,0
62.41260513576886,4.584780050166619,2,0,0
68.16741487334225,5.461110046713651,2,1,1
59.607678222398995,6.223605818808945,0,1,1
77.30593165555442,6.2907102325396185,0,1,1
87.17542255795962,4.125383842146592,0,1,1
95.02357052096028,4.749317429320382,1,1,1
80.74094780419775,5.42386992573245,0,1,0
96.28615545571292,4.62696331072468,0,0,1
66.19898541785109,7.411018364029989,1,0,0
62.96617560644845,5.7364624274573774,1,0,1
79.44452301103381,6.102316679074726,0,0,0
83.84065448939307,5.994321903001119,0,1,0
79.67305251905907,6.760210786227987,0,0,0
59.325578999601234,5.27153233805556,0,0,0
79.10879960487212,3.05475207806623,2,0,0
66.95530499495146,5.599531927628963,2,1,0
86.69672548830039,4.022964659312256,0,0,1
83.66598246096848,4.207074977375365,2,1,0
70.60120213672644,5.87954602813264,1,0,1
74.86133082663306,6.857424607150453,2,1,1
69.40786478111049,5.100301991678596,2,1,1
79.37320902726829,5.463249518898445,0,0,1
89.55142320501238,7.553322416952857,2,1,1
70.14273953664457,5.361129769232853,2,1,0
85.04046515517844,8.902524671270593,2,0,0
74.69742381627559,5.848264468447316,2,0,0
72.07127167737656,2.3588558612662736,1,0,1
78.92969640045442,6.130012431656799,0,1,1
69.64757677580626,5.571737577324167,0,1,0
74.46350694652818,6.934629131124119,1,1,0
68.02122107411151,6.009772026904938,2,0,1
99.6472513291639,4.792316024024339,1,1,0
80.35263551971728,3.1635526455659515,2,1,1
73.00274492007415,4.686465114070963,1,1,1
82.13979910734221,3.7242193186860497,0,1,1
78.8767195030917,4.129214825292916,0,1,1
77.79030400466777,5.8828676066309145,0,1,1
86.14166700043425,7.50485675652711,2,1,0
87.57507710047305,5.592007294734472,2,0,1
74.69498852389472,3.2061754069472235,1,0,1
74.2418175935532,5.666904002330211,1,0,0
77.24948302848355,6.794947229968477,0,1,0
56.980788352644154,4.085325643520926,2,1,0
64.84808937801448,4.798974249990623,1,0,0
93.66874267444524,5.100301991678596,2,1,1
96.44967713501283,3.82265253037664,2,0,1
77.50963960443622,5.972420650765788,0,1,0
85.76556963055766,4.818577777088327,0,1,0
83.11250154543536,5.629298665860541,2,0,1
110.78880808455239,3.66876173329685,2,0,0
91.19574911434577,4.343812549514884,2,0,0
78.72082408519233,6.083572036741657,2,0,1
70.44459559399574,4.440750271862349,0,0,1
63.93553679742428,7.590445776850108,1,1,0
82.03463635867223,4.400545721578096,0,1,0
72.43649254715697,5.337027088627829,1,1,0
65.77746290402325,6.398886247809635,2,0,1
73.53427115757474,2.8724514006004522,1,0,1
69.18451996385605,2.358786782028836,0,0,0
96.87141635072564,2.711515528144858,0,0,1
88.81639756949451,6.893876155140774,2,0,1
79.92027358683383,4.172212781161329,0,0,0
94.79944138890026,8.837298928502378,2,1,0
80.77368307647619,4.153628602013917,0,1,1
71.38715798671737,5.276826954795555,0,1,0
95.23124077269657,7.313164928851814,2,1,0
85.38910043684659,8.009139332238684,1,1,1
69.62753845673544,8.092255364954596,0,0,1
78.09661321916391,6.812549345889714,1,0,1
71.24381746615242,6.536093788717194,0,0,1
66.17200269035663,5.888790423801774,0,0,1
89.26177547531641,6.167541614249957,0,0,0
99.0941664047013,4.1732214255072,0,0,1
66.01432426180858,3.772701674866539,1,1,0
85.62969236690572,4.994938313883572,1,0,0
73.49357430878173,4.744723066212607,0,0,1
75.12874616235304,4.320157926009087,0,0,1
74.07606075761132,6.044581171185073,1,0,0
71.36009230320184,5.100301991678596,2,1,1
80.48521627944827,5.132610329437771,2,1,0
71.69049883588963,7.216295121582893,1,0,0
82.70456825779839,3.2874663287997423,0,1,0
79.49761890550863,4.709510811080423,0,1,1
77.6105195313359,3.9247665190957925,2,0,1
70.92436337958402,2.20019507439041,2,0,0
74.23228669431667,4.875978971235951,1,0,1
87.55391225825755,4.8173787374250745,2,0,0
85.00917187624381,7.270174614863197,1,0,1
70.22444755201448,5.946217526832166,2,1,0
80.99332305429226,3.4637197635061927,2,0,0
87.5138712337179,7.781138849501282,2,0,1
63.305947188786284,6.83155054328803,0,0,0
85.43360192379934,5.873146555202924,0,1,0
73.37376241054153,4.660273851725252,0,0,1
85.70598668593159,3.5608411449147805,2,0,1
72.36740843457483,4.4416898358934205,1,0,0
61.95117899335481,6.633122929556279,1,1,0
63.72457562116837,7.826879458901914,1,0,0
80.48084946661382,5.100301991678596,1,0,1
82.59722501721483,4.266725867320589,0,0,0
70.95683374895592,3.3205738500664834,0,1,1
86.38592458777374,5.211329370366806,2,0,1
63.3847993773104,2.3473409516557227,2,0,0
79.33920201352683,5.484751571277172,1,0,0
67.88983800237543,4.778596120551997,0,1,0
73.4816389219784,4.300945247197637,1,0,0
80.47398671316414,2.607945399099807,2,0,1
71.39586634716048,5.770400159854574,2,0,0
76.15444455770175,4.200948740507133,1,1,0
90.0629280921444,3.245124746434568,2,1,1
74.23108130476851,0.691606680077526,1,0,0
88.35692112065142,4.958727642424045,0,1,1
68.70293145342382,7.658377395004616,1,1,0
85.29804177915283,7.491888821821805,0,1,1
94.41568620657901,4.314355615120592,0,0,1
55.283554998727105,4.096681909457329,2,0,1
72.03104744529523,5.703161384112535,2,1,1
85.7707212718054,3.5024218412175627,2,1,0
77.96954613957007,5.452687849729199,1,1,0
83.71145873371309,6.149120417577036,1,0,1
73.9601481328418,6.840399835826462,2,0,1
80.865897874729,4.849768885280071,1,1,0
78.44322764607921,4.694489374734551,2,1,0
91.67782061659807,3.6830261198651586,1,1,0
82.54420843301213,3.75967946894021,0,1,0
83.37602662075201,4.66028166214771,0,0,0
75.88123033877532,5.551048260224267,2,1,1
75.12393775927507,6.370376939349875,1,0,0
75.6744181218038,3.795231573979483,1,1,0
83.94452142378297,7.239032853439283,0,1,1
75.79015519179737,4.593314598436147,0,1,1
82.89774856896413,4.967949058477346,2,1,1
100.75400798645438,3.879182481278265,0,1,1
88.71124703431693,1.3636396095905878,2,0,0
76.73976467832159,6.326068094541575,0,1,1
92.01213922163944,6.10526584563865,0,1,1
75.91924626978448,4.57800866432268,1,1,0
59.61875464822146,5.100486075837308,0,0,1
69.91913689082595,5.773908826556149,0,0,1
61.29208078974145,2.6561812146701858,2,0,0
76.48486515958692,4.206420983980558,0,0,0
80.18418379189552,6.19139701943274,2,1,0
96.76437312275283,3.1185658652461257,0,1,0
83.26927373764163,5.100301991678596,0,1,0
77.80899471191135,2.965127293064892,2,0,1
88.2940558118349,5.699644973650289,1,1,0
57.88864690992115,4.946537776553774,2,1,1
82.35614558108566,2.5773022761417357,2,0,1
87.70865193886966,6.747109031685757,2,0,1
65.21413754220158,3.898112634802926,1,0,1
91.43754043206928,3.7846213444784285,0,1,0
83.38496407494414,5.300853795846415,2,1,0
75.84712086099199,6.722956024143073,2,0,1
86.32781866106285,3.4762672715324046,1,1,1
102.70692857804396,5.100301991678596,2,0,1
81.81866255058495,5.643224750495859,0,0,0
82.48220586300336,6.039658410894717,1,1,1
75.40639100459757,5.2646623329158375,0,0,0
71.50155630535208,4.449458241375017,0,0,1
88.30335816544246,3.7586146690269207,1,0,1
71.43916174091133,5.129215824569562,2,1,0
80.71566237219392,3.3917914820215898,0,0,1
75.22342553234883,0.6179742747580885,0,0,0
84.78979825746391,5.654839706236501,0,0,0
83.33662105286949,6.355902261629293,0,0,1
90.375399442579,1.4556013466872422,1,0,1
74.89983601145254,3.485403942935094,1,0,1
77.30125064706628,5.928731391507797,0,0,1
70.21236284217693,8.086243204567548,2,1,0
75.55706739923889,5.031190561513112,0,1,1
83.77300493044852,3.9079955881562984,2,0,1
87.56988616645351,4.72565533834274,0,1,0
70.77834675822375,7.062314628722277,2,1,1
88.6960592010566,4.031053731313197,0,0,0
93.55637858804951,3.8012119900246195,2,1,1
84.13434903223701,4.275884716726951,0,0,0
98.76795812558066,3.5700070876119314,0,0,0
72.26210800896428,5.184005473992193,2,0,0
67.55345296688583,7.437017687704341,1,0,1
62.212797510957216,5.484618909674044,2,0,0
94.96044311489183,4.621469746810568,1,1,0
86.54365656354058,4.562283096626684,0,0,1
79.44415329089544,2.6552137869550143,2,1,1
82.7996862631982,6.324664665720738,2,0,0
68.74510952701624,4.883244204480797,2,0,0
104.45751979616827,4.729280129614062,1,0,0
81.29221181975228,9.789661351767291,1,1,0
81.09394794604893,5.44812936254853,0,0,1
87.25766623898691,3.8723134248572233,1,0,1
84.81009231736714,4.360463605691685,1,0,1
82.23884024279131,6.722668563795132,0,0,0
72.09525544554688,5.1699056158066465,2,1,1
84.71468357135996,2.84258303252395,2,0,1
98.82024496475034,6.378843401862805,0,1,1
93.45420046154977,3.9977838716915093,2,0,1
95.93186626639397,7.8099466643263185,1,1,1
74.88784323568815,6.620072098571972,0,1,1
70.1039517974142,4.329017156511873,0,0,0
78.74213079900352,6.921524542602669,0,0,1
80.55724912288694,5.101783265791105,2,1,1
90.94191518470949,6.27916051268333,0,0,1
63.07535370285181,5.727099225941712,0,0,0
95.29550319460614,3.7304650175136898,0,0,1
78.4199210142101,4.034675251523807,2,1,1
75.7311893005258,6.544941226371742,1,0,0
69.87895624739832,4.497837001840189,0,0,0
63.451433281342304,4.394527305137005,1,0,1
88.23170583961914,3.5673161309759704,2,1,1
80.73317967188405,5.635398598390191,2,0,1
67.10039100258946,8.093787378864718,2,1,0
67.04921227936384,3.398700628618591,2,0,1
76.64215300709871,5.036329185009137,1,1,0
96.69021525289392,7.118330833123144,0,0,0
77.40408648636395,4.880537913131428,2,0,0
64.96857046881894,5.678557694374601,2,1,0
77.54256935914056,3.40640970777968,1,1,0
77.2727643025233,5.6424606458114726,1,1,0
53.03113357058429,4.719283602493177,2,0,0
79.45705133482188,6.478594993519795,0,0,0
77.69065469791322,6.781079077347127,0,0,1
86.96206364813418,8.88434546302792,2,0,0
98.48956094945345,5.869449759820363,1,1,0
91.26565029547757,5.48869447487325,2,0,1
77.3111130944517,5.291576452366004,2,0,0
68.9347409125833,4.470250560783968,1,0,1
105.7335980324986,5.507725765192537,2,0,0
80.59218434014488,5.100301991678596,2,0,0
80.13929291912946,5.100301991678596,2,0,1
79.75874912889996,6.976396303411939,1,0,1
81.98084760767856,3.4901861520805384,0,1,1
78.55639588076058,6.709817841693568,0,0,1
74.26337993119763,6.975672601009798,1,0,1
74.53141058759608,4.822897209513382,0,0,0
79.67246729784002,1.8172176514871081,2,0,0
74.56575228866235,4.0882670193583515,0,1,0
72.87154217322836,6.9454918198416635,2,1,0
81.06430227691897,4.965697906551677,0,1,1
77.45022782579144,3.5010466515576337,1,1,1
95.0399298858269,4.242837618157674,0,1,0
53.49030191606988,6.260930039756829,0,1,1
90.91506851922462,5.8201003523020685,0,0,1
92.4608519249763,4.641601851245459,1,1,0
59.2660976759185,4.449763382277968,0,1,0
76.57312405919652,4.412362776434267,1,0,0
76.28559134004209,3.616384723252246,2,1,0
65.92488305282178,7.423063534204163,0,0,0
72.22183312409125,4.51651929618299,1,0,1
68.89424154534171,6.825737781238245,1,1,0
97.52270443423623,7.281974077883677,0,0,0
89.35678393147461,6.49746634722194,2,1,1
92.71555094994159,4.352569530922928,1,1,1
87.21672064043236,5.605595135504914,0,0,1
68.70948228782771,4.963706590413626,2,0,0
74.75479733720226,3.6444472089048077,1,1,0
84.89374561227918,5.486538922582405,1,0,1
67.77872191108054,5.100301991678596,2,0,0
87.12998430172388,6.781519082692346,2,1,0
77.59674601841866,4.30307405405241,0,1,1
76.25179192450402,5.301739483809259,0,0,1
87.10959968203491,5.424931807319213,1,1,0
84.4426331148604,4.611642539443884,2,1,0
76.3903383418092,5.880040702212912,2,1,0
91.59329803364248,4.287644515066213,2,1,0
69.18936672400102,6.306945946185866,1,1,0
86.15935606944264,2.981030479629877,2,1,0
85.93101257968384,5.189569369319618,2,1,0
76.9045356068601,7.908393498587428,1,0,1
83.26133022242118,3.499503013091638,0,1,1
67.48886423614697,3.9833825442127226,0,0,1
89.240270192069,5.770861774488372,1,0,0
78.15097863557011,5.269372672909397,2,0,0
74.7727697948096,5.525945148910338,1,1,0
90.49009225836889,5.733780695221495,0,1,0
72.9565630945724,5.9520822028426545,0,0,0
65.91538703636441,6.664549762934335,1,1,1
64.43370826476097,5.6147279853927685,1,0,1
86.0600995134564,4.638113518072187,0,1,1
67.19570647503717,6.008860551804097,1,1,0
97.54794181984364,7.849822902342823,0,0,1
59.18070592116278,4.801049380426139,1,0,0
96.96456368290038,3.538206042994038,1,0,0
82.11017467202619,6.660621003930459,1,1,0
79.03286888129608,4.819428254069603,0,0,1
74.5508091319105,1.740995680978946,1,1,1
83.9913611435207,6.271132515725633,0,1,0
79.62365297575151,4.197007721069116,0,1,1
91.03301882016521,4.864200076543759,1,0,1
81.1422764866204,5.497970495853522,1,0,0
81.50301761461877,5.2857495196686,0,0,0
76.36387787786144,6.064177725708559,0,1,0
79.43054376278933,4.346770444145235,2,1,1
83.0780176889206,5.769658697264124,0,0,0
62.89831607343375,4.610679983624125,2,1,1
66.51814577894287,6.108215721331255,2,1,0
87.43264094022715,5.92305122601958,2,0,1
81.70865438127942,3.596841946933107,1,0,0
78.1601666364732,6.628973174262549,1,0,1
80.18433933065393,4.196054832328928,0,1,1
83.47581705361671,6.212086697421718,2,1,1
74.60240319690638,5.550930970102011,1,1,1
72.21695274597687,7.757275515192684,1,1,0
81.95845255097682,4.6648010264422215,1,1,1
70.21627222384969,4.4760248058227035,1,0,0
84.08252755714472,4.970870591168401,1,1,0
62.9741639576216,4.545230325748587,2,1,1
90.29155637325644,6.199912852913075,2,1,0
84.72597482413043,2.575534087345118,2,0,1
82.56029734313876,3.419476371280469,2,0,1
89.82690983945514,3.3982956176312102,0,0,0
96.65474444462576,6.425461387960364,2,1,1
90.1437006501813,7.565920058872888,1,0,0
61.59125768668355,4.843326172193793,2,0,0
67.20423033264298,4.746767415214984,0,0,0
73.75181422304321,5.105078244669772,1,1,1
80.26091050210833,6.742817453912286,2,0,1
85.17659020469122,3.608970298714139,2,1,1
72.74256186846534,5.100301991678596,2,1,1
81.86766764477078,6.462796444673645,1,0,0
72.44617067646678,5.751641254909768,1,1,0
73.88482197008052,5.284372424898115,0,0,1
65.93338903151778,6.501569138850712,1,1,0
70.76766753889096,0.9451515605011442,1,0,0
66.48315394383667,6.016812979296361,2,0,0
70.24126747022667,4.0188864753088644,1,0,1
90.5364179660784,2.2540506547153147,2,1,1
70.50601111168056,5.766803899287471,2,0,0
106.32382064837391,7.060487817744437,1,1,0
84.93317900880889,4.793827228058462,0,0,1
81.84836123694873,6.429311820804408,0,1,1
71.41642219818786,7.418417386982968,1,1,0
87.00309879408991,6.972371680376071,0,0,1
74.24362173762226,7.459946794057089,2,0,0
81.22009814645361,6.113191236607838,2,0,0
105.60084538268795,5.113150458352389,1,0,1
79.03940100275351,2.597051282154247,0,0,1
91.49273326285676,4.630906267805077,0,1,0
72.96823574874112,3.7351301070257126,2,0,1
79.65011509503039,8.25641407624672,1,0,1
97.7080063563551,4.736171281351495,0,1,1
73.73032942212232,5.184807210176729,1,0,1
98.12448557996929,5.8272280640607015,0,0,1
87.07751935455475,5.100301991678596,2,1,0
74.37533224105732,7.542576560646129,2,0,0
86.3240773905552,4.066025957398322,1,0,0
89.7255444962673,5.2919111828558645,2,0,0
86.21809962217196,3.8862941214529276,0,1,1
64.29775280109544,3.019966233168941,2,0,1
72.72862824175131,4.082346363642072,1,1,0
77.52481364448495,4.944444804427382,1,0,0
79.25566570899954,4.35604666322411,1,1,0
86.20672097550678,3.9613685301892163,0,0,0
81.77701000933254,2.890523804492249,0,1,1
66.64655641289899,4.875341641056957,0,1,0
83.80197851005963,2.7429194389534968,0,1,1
86.10585745283824,6.140083945534403,0,1,1
85.5979044793104,5.123659629401755,2,1,0
90.80780725554622,2.813672750802604,0,1,0
88.33922154548904,4.536186384425205,0,0,0
84.59180079228437,3.871765391614125,2,0,1
79.29834288541353,5.478761765628771,0,1,1
63.39039066484008,7.0106756690347165,1,1,0
84.29618219132585,2.187241295531383,0,1,1
82.07687687163111,5.172539118721126,0,1,1
82.71578837195374,4.7598008066500395,1,0,0
67.2325142417969,6.0070101146756985,1,1,0
69.18943459591738,5.319794942356534,1,0,1
90.53152853332904,3.8720460023917713,1,0,1
79.60444846143345,4.521419096500073,0,1,1
86.81500697372624,3.8059612147947663,1,1,1
80.28318376130461,6.614010707897897,1,0,1
80.29756139495746,5.031967473007914,2,0,0
89.38283805975998,7.851786028629511,1,1,1
74.83955271782627,4.909008779278069,1,1,1
80.96120776940984,3.9373898496343056,2,1,1
75.37724711294958,2.729428411080759,2,0,0
75.65503772567685,2.2952904856160825,0,0,0
76.90827876531361,2.6237960854917652,2,1,0
82.22133771633713,5.400689976517225,0,0,0
75.21251378336522,5.7630875348449,2,0,0
92.55756125573521,2.6282139469517998,2,1,1
71.05392697780496,6.342557471114173,0,1,1
78.13128355838641,4.2754084224748405,2,0,0
75.60268941725825,5.220189517978324,0,0,1
94.46977884353733,7.418330942383136,2,1,0
81.96554776511574,6.345258973798298,1,1,0
90.31844539468635,4.597204028141252,2,1,0
65.14439626963028,3.663211661877069,0,1,1
82.67050265869258,1.7722768980060426,2,1,0
88.89630795623437,3.92127002113637,0,0,0
80.82283989275425,4.6833046417584585,0,0,0
90.65480375065351,3.519230709273224,1,0,1
74.82711549899628,4.803114549361543,1,0,0
94.0934744018558,5.115277824438152,0,1,1
102.9889812361925,4.662716027287882,2,1,1
76.37161439560342,4.02499612876481,0,1,1
75.54497478599228,5.2529820079500915,0,0,1
94.533844771177,5.662910974354114,2,0,0
95.79572145730712,3.364401383835731,2,0,0
74.77139972846732,7.116398569619405,2,1,1
75.79813182904142,4.852117801573607,2,0,0
77.18215391139493,5.028274434417272,0,1,1
66.55549488965723,6.062321634884835,0,1,1
70.81348053515802,5.349824196895252,1,1,1
69.95859233247933,6.429704950869867,0,1,1
72.32202434895872,5.430686247802736,2,1,1
79.65315112613219,4.0813439380393435,1,1,1
82.3421473253652,5.542255287809152,2,0,0
95.50500492814076,3.2844106890190075,0,1,1
70.0164595926121,5.162839558664785,1,1,0
89.84322398476584,4.950155014033308,2,0,0
77.86011155774491,4.687824714091191,1,1,1
79.50536290347567,4.807193732841604,1,0,0
86.74819492166604,2.1772264317535415,0,0,0
68.77277978437701,4.176912638388558,2,0,0
83.82409746184051,5.1392673517116725,1,1,1
81.66452208213056,5.239784587996101,1,1,1
84.92451264008149,3.458487288611063,2,0,1
82.89168643907819,6.898561761297051,1,1,0
104.55300139910895,3.7007377276782485,1,1,1
73.62260015748684,6.454185800790105,1,0,1
74.69003044998182,5.640791542807527,2,0,0
73.76859473575236,4.0306590352342955,2,1,0
74.44522880839746,7.662966338914268,2,0,0
73.62612872693482,3.20954475236528,2,0,1
91.89016531107552,6.378731260415002,0,0,1
94.20504247989855,6.500873477064467,1,1,1
74.29253706250523,3.994069686385033,2,1,0
71.67644426895771,7.088697950096494,1,1,1
84.71415556386404,4.6249302281015705,1,0,1
74.47776955719029,5.4330404439197855,0,1,1
86.32931817755511,5.390482758156831,2,0,1
82.029230208513,4.798536887794178,2,1,0
64.84255885002769,6.216212409739673,1,1,0
95.47505201330061,6.190233080828319,2,0,1
97.95877673095522,2.3772020401427287,1,1,1
73.87211309515614,6.956510364317229,1,0,1
76.12298440064016,2.5062620179464883,0,1,0
82.85865390724905,6.5488193065124864,0,1,1
83.34456789987026,6.690057705241375,0,0,0
86.5854427267283,3.3635503546772028,1,0,0
100.1020453876635,4.383778568068123,2,0,1
78.2305277250595,3.3414429972710966,0,1,1
72.01702755461547,4.677618454566897,2,1,0
66.20680771985472,4.537948573721388,0,1,0
72.69069960058081,6.169490798404009,0,0,0
79.66873027126204,6.965463119179413,1,0,0
97.94557863517788,7.093525716184934,0,0,1
74.82388700963828,4.156747960132547,0,1,1
82.23787951638899,4.686167189383208,1,1,0
79.83577103927247,2.4748427116685745,2,0,1
91.88393273448084,3.791194900255717,0,1,1
105.26932425873622,6.447277449646187,1,0,1
74.6913122707968,7.423374235322347,0,1,0
75.10560557481777,3.148476692180117,1,1,1
90.44160877069072,4.1113036112706585,2,0,0
86.81891489626311,4.96039136456161,2,1,0
98.46707325736034,5.42024173822941,1,1,0
85.83928185325964,3.7855947201175306,1,0,0
76.40707909212941,5.636091566696135,1,0,0
85.9065483069231,4.289240979393626,2,1,0
91.08703580582907,4.9783215936825815,0,0,0
88.20482181197364,5.819426372005549,2,1,1
85.07274031107298,5.009633404716407,1,0,1
90.66674689589154,4.345421164210147,1,1,0
91.69295590445672,4.835585294111254,2,1,1
93.82158991037527,4.867455561191997,1,0,1
86.48709887589642,4.444983455176809,2,1,1
78.32881919683146,4.611805905999346,1,1,0
81.46713686433323,7.3979707557570755,0,0,1
92.06508966508358,5.841379171911858,0,0,1
71.83064329012764,4.556779522956259,1,1,1
83.68673308872901,6.045431606766103,2,0,0
76.0666118767264,4.499270765365985,0,0,1
80.28744822934817,6.759686956379962,2,1,1
92.78451862607298,5.554463288297141,1,1,1
81.91099068019903,4.839046783993656,2,0,0
80.46436548156149,5.671575388715416,0,0,0
66.40143859020081,2.643685771897251,2,0,1
87.46253566027221,3.309848796635292,2,1,1
86.45484181141076,3.209112490401417,1,1,0
101.6325472330546,5.100301991678596,1,1,1
76.92221765046999,7.598772499227637,1,1,0
82.1915032766394,8.34695021928895,0,1,1
82.49383683710755,5.957076652161136,0,1,1
95.77453279763475,5.751266712416685,1,1,1
79.04704467613048,2.2984133987708915,1,0,1
82.7902152577034,4.185989300398967,0,0,0
86.0789650971654,3.8183243721376416,0,1,1
81.86609123156359,4.068728602623326,0,1,0
75.53566385449471,4.747784272122816,0,1,1
81.94089992898307,4.291864133454309,1,0,1
90.73631749859771,2.0310502844363185,0,1,1
69.73484700588939,6.121865384176301,1,0,0
81.32969674146877,3.3908854613902903,2,0,1
72.99879185060827,5.3588702961667245,2,0,0
91.95046628924842,8.11112400462496,0,0,0
64.76813095216225,3.620923112620365,2,0,1
74.41078152728412,5.100301991678596,2,1,0
83.7721187506452,4.570993667179834,2,1,1
95.65524029234341,6.651439452497857,0,0,0
79.34249738927012,7.937521181330891,0,1,0
74.44800473306802,3.1556756083213746,2,0,1
98.8115706944059,5.745048834854782,1,0,1
65.51986099583756,4.30203431482992,2,1,0
58.01194043379918,4.841077468543796,0,1,1
84.40014450053333,8.966515020525552,0,1,1
74.97945775647389,5.100301991678596,0,1,1
69.78767182869287,5.38060949224186,2,1,0
87.08356447299353,5.70153975764815,1,0,1
82.43800713771199,6.628679487409021,0,1,1
74.35921369263272,5.1469747302063436,0,1,1
67.19695601329106,5.462075809256153,2,1,0
88.72457328280144,4.412527148867313,1,0,1
86.50201177958661,5.403690411867661,2,1,1
79.00824136220618,4.485211586753884,0,0,1
98.46636996047665,5.932357834784076,1,1,0
69.29915233673847,4.445584495934549,1,1,1
64.74474829075261,5.56565059085328,0,0,1
73.08091930118755,4.956105779472533,1,1,0
79.54413983644503,6.689075376158252,1,1,0
82.43339449322691,4.922909414617271,2,0,1
77.5876394214367,2.340451297689678,0,1,0
83.52055396514297,6.892882251070987,0,0,1
67.48460575809555,3.641401548706072,0,0,1
94.4376460407326,4.019350492026771,0,0,1
79.17848821607431,4.106508058934762,0,0,0
91.17295831588127,7.061657139756226,1,0,0
83.42725346377703,1.796488679031957,2,1,1
84.56753219153784,9.70662280048999,0,1,0
85.69767280232205,6.584085213599078,2,1,1
84.47708560017315,5.334858371193739,2,0,0
86.42722759867544,4.91765899907557,1,0,0
93.29152530132431,5.428331112286485,0,0,0
81.9652116970147,5.781683642569007,1,0,1
87.09003757588512,5.967823378925085,0,1,1
79.10264305712774,5.833406699005173,1,1,0
94.40117215449473,5.134371021882873,2,0,0
73.2360769794073,4.7039923695390105,0,0,0
98.00940432910815,4.773090074519732,2,1,1
79.59842049355656,4.707637579470979,2,0,0
65.69224897881952,6.700655145300597,1,0,1
81.2810441491079,5.890335083421293,0,0,1
73.1894834252512,0.5894170480035799,2,1,1
88.40643548988724,5.100301991678596,1,1,0
73.4737602069761,5.292104292078163,0,0,1
75.5381656678522,4.971936865331154,0,1,0
61.10459269054469,4.417222320366672,2,0,0
75.47693680750923,6.68616907997902,0,0,1
55.76120673371044,6.421289693184287,2,1,1
64.16097176514276,3.8406834982645863,0,0,0
87.60414656144297,5.610578430686803,1,0,0
87.85800158650832,3.542514898188071,2,1,1
84.25457561784965,2.9305727528166043,2,0,0
70.33023856870787,4.059924163115053,0,0,1
79.5228864385802,6.293590208574138,0,0,1
79.96397460909432,6.42968756806413,2,1,0
68.41635310807457,5.769628130145939,0,0,0
95.0339830176715,6.087643680271996,1,1,0
88.77362290575671,5.774267430672437,0,0,1
77.79035826170336,4.037777607165571,1,0,1
80.26885838994531,5.647883817010911,1,0,0
82.08382807947552,5.100301991678596,1,0,1
59.58265131575709,5.100301991678596,1,1,1
77.52822617479403,6.783370057211965,1,1,0
73.18015752002202,6.062455770801596,0,0,1
69.98379990105084,5.527172311312374,1,0,0
77.18899707114045,6.605225357474641,0,0,0
97.97686526849523,4.96021811112641,1,0,0
86.4084286126701,3.6771880231584233,2,0,0
74.28821010217203,4.755399554084354,1,0,0
85.72582781356158,3.8826460327903263,2,0,0
